--  SQLINES DEMO *** RDS
insert into YCL_RENTALRATE (class,fee_for_over,rentalrate)values ('SMALL',100,500);
insert into YCL_RENTALRATE (class,fee_for_over,rentalrate)values ('MID-SIZE',150,500);
insert into YCL_RENTALRATE (class,fee_for_over,rentalrate)values ('LUXURY',1000,5000);
insert into YCL_RENTALRATE (class,fee_for_over,rentalrate)values ('SUV',190,2000);
insert into YCL_RENTALRATE (class,fee_for_over,rentalrate)values ('PRE SUV',120,2900);
insert into YCL_RENTALRATE (class,fee_for_over,rentalrate)values ('MINI VAN',140,1000);
insert into YCL_RENTALRATE (class,fee_for_over,rentalrate)values ('CROSSOVER',124,890);
insert into YCL_RENTALRATE (class,fee_for_over,rentalrate)values ('MVP',140,890);
insert into YCL_RENTALRATE (class,fee_for_over,rentalrate)values ('TRUCK',150,1000);
insert into YCL_RENTALRATE (class,fee_for_over,rentalrate)values ('SUPER',160,1300);
insert into YCL_RENTALRATE (class,fee_for_over,rentalrate)values ('VAN',111,950);
insert into YCL_RENTALRATE (class,fee_for_over,rentalrate)values ('WAGON',122,850);
insert into YCL_RENTALRATE (class,fee_for_over,rentalrate)values ('STA WAGON',100,800);
insert into YCL_RENTALRATE (class,fee_for_over,rentalrate)values ('B',110,700);
insert into YCL_RENTALRATE (class,fee_for_over,rentalrate)values ('C',120,600);
-- VEHICLE 20 RECORDS
insert into YCL_VEHICLE (VIN,LPN,make,model,year, class)values (00001,00001,'TOYOTA','COROLLA',2002,'SMALL');
insert into YCL_VEHICLE (VIN,LPN,make,model,year, class)values (00002,00002,'BENZ','GT',2012,'SMALL');
insert into YCL_VEHICLE (VIN,LPN,make,model,year, class)values (00003,00003,'BMW','X4',2022,'SMALL');
insert into YCL_VEHICLE (VIN,LPN,make,model,year, class)values (00004,00004,'TOYOTA','ALTIS',2021,'SMALL');
insert into YCL_VEHICLE (VIN,LPN,make,model,year, class)values (00005,00005,'TOYOTA','SENTRA',2005,'MID-SIZE');
insert into YCL_VEHICLE (VIN,LPN,make,model,year, class)values (00006,00006,'TOYOTA','RAV4',2004,'MID-SIZE');
insert into YCL_VEHICLE (VIN,LPN,make,model,year, class)values (00007,00007,'TOYOTA','SPORT',2003,'MID-SIZE');
insert into YCL_VEHICLE (VIN,LPN,make,model,year, class)values (00008,00008,'TOYOTA','YARIS',2012,'LUXURY');
insert into YCL_VEHICLE (VIN,LPN,make,model,year, class)values (00009,00009,'TOYOTA','ALPHARD',2022,'LUXURY');
insert into YCL_VEHICLE (VIN,LPN,make,model,year, class)values (00010,00010,'TOYOTA','CAMRY',2012,'LUXURY');
insert into YCL_VEHICLE (VIN,LPN,make,model,year, class)values (00011,00011,'BENZ','C',2022,'SUV');
insert into YCL_VEHICLE (VIN,LPN,make,model,year, class)values (00012,00012,'BENZ','A',2022,'SUV');
insert into YCL_VEHICLE (VIN,LPN,make,model,year, class)values (00013,00013,'BENZ','K',2020,'SUV');
insert into YCL_VEHICLE (VIN,LPN,make,model,year, class)values (00014,00014,'BENZ','B',2020,'SUV');
insert into YCL_VEHICLE (VIN,LPN,make,model,year, class)values (00015,00015,'BENZ','S',2010,'PRE SUV');
insert into YCL_VEHICLE (VIN,LPN,make,model,year, class)values (00016,00016,'FORD','MUSTANG',2010,'LUXURY');
insert into YCL_VEHICLE (VIN,LPN,make,model,year, class)values (00017,00017,'FORD','ALTA',2012,'MINI VAN');
insert into YCL_VEHICLE (VIN,LPN,make,model,year, class)values (00018,00018,'MUSTANG','GT',2015,'MINI VAN');
insert into YCL_VEHICLE (VIN,LPN,make,model,year, class)values (00019,00019,'FORD','ALTA',2012,'STA WAGON');
insert into YCL_VEHICLE (VIN,LPN,make,model,year, class)values (00020,00020,'FORD','ALTA',2012,'STA WAGON');
-- LOCATION 15 RECORDS
insert into YCL_LOCATION (city,street,zipcode,country,phone_number,location_id)values ( 'TAIPEI','EGG', 103046,'TAIWAN','090.203.1982',0001);
insert into YCL_LOCATION (city,street,zipcode,country,phone_number,location_id)values ( 'HSICHU','HI', 102099,'TAIWAN','091.203.1982',0002);
insert into YCL_LOCATION (city,street,zipcode,country,phone_number,location_id)values ( 'TAICHUNG','SNOW', 100100,'TAIWAN','092.203.1982',0003);
insert into YCL_LOCATION (city,street,zipcode,country,phone_number,location_id)values ( 'NEW YORK','DEKALB', 11201,'U.S.A','856.203.1982',0004);
insert into YCL_LOCATION (city,street,zipcode,country,phone_number,location_id)values ( 'BOSTON','JUNIOR', 100123,'U.S.A','092.211.0982',0005);
insert into YCL_LOCATION (city,street,zipcode,country,phone_number,location_id)values ( 'KANSAS','BURN', 100123,'U.S.A','011.203.1982',0006);
insert into YCL_LOCATION (city,street,zipcode,country,phone_number,location_id)values ( 'MALIBU','RICH', 100100,'U.S.A','092.222.1982',0007);
insert into YCL_LOCATION (city,street,zipcode,country,phone_number,location_id)values ( 'CHICAGO','HAMBER', 100124,'U.S.A','012.203.1222',0008);
insert into YCL_LOCATION (city,street,zipcode,country,phone_number,location_id)values ( 'BEIJING','TIEN', 123199,'CHINA','023.203.1982',0009);
insert into YCL_LOCATION (city,street,zipcode,country,phone_number,location_id)values ( 'SHANGHAI','AN', 100122,'CHINA','092.203.4459',0010);
insert into YCL_LOCATION (city,street,zipcode,country,phone_number,location_id)values ( 'SHANGHAI','LEE', 100140,'CHINA','092.203.4545',0011);
insert into YCL_LOCATION (city,street,zipcode,country,phone_number,location_id)values ( 'CHONGCHING','AN', 102000,'CHINA','092.203.0000',0012);
insert into YCL_LOCATION (city,street,zipcode,country,phone_number,location_id)values ( 'BROOKLYN','3RD', 100505,'U.S.A','092.555.5555',0013);
insert into YCL_LOCATION (city,street,zipcode,country,phone_number,location_id)values ( 'LONDON','KINGS', 101111,'U.K','092.455.5555',0014);
insert into YCL_LOCATION (city,street,zipcode,country,phone_number,location_id)values ( 'MILAN','FASHION', 111111,'ITALY','092.277.4479',0015);
-- CUSTOMER 25 RECORDS
insert into YCL_CUSTOMER (customer_id, type, email, phone_number, ad_city, ad_street, ad_country, ad_zipcode) values (1, 'C', 'Kalel@max.com', '(263)3746273', 'star', 'light', 'USA', '12212');
insert into YCL_CUSTOMER (customer_id, type, email, phone_number, ad_city, ad_street, ad_country, ad_zipcode) values (2, 'C', 'Leom@power.com', '(223)1234532', 'star', 'pike', 'USA', '12202');
insert into YCL_CUSTOMER (customer_id, type, email, phone_number, ad_city, ad_street, ad_country, ad_zipcode) values (3, 'C', 'Ericr@mighty.com', '(263)12335325', 'horse', 'horn', 'USA', '12252');
insert into YCL_CUSTOMER (customer_id, type, email, phone_number, ad_city, ad_street, ad_country, ad_zipcode) values (4, 'C', 'Polas@hash.com', '(263)5038753', 'hetch', 'ranch', 'USA', '12222');
insert into YCL_CUSTOMER (customer_id, type, email, phone_number, ad_city, ad_street, ad_country, ad_zipcode) values (5, 'C', 'Jimm@tower.com', '(263)5593243', 'url', 'teach', 'USA', '13222');
insert into YCL_CUSTOMER (customer_id, type, email, phone_number, ad_city, ad_street, ad_country, ad_zipcode) values (6, 'C', 'kim@tom.com', '(263)5593243', 'url', 'teach', 'USA', '13222');
insert into YCL_CUSTOMER (customer_id, type, email, phone_number, ad_city, ad_street, ad_country, ad_zipcode) values (7, 'C', 'lou@app.com', '(263)5593243', 'url', 'teach', 'USA', '13222');
insert into YCL_CUSTOMER (customer_id, type, email, phone_number, ad_city, ad_street, ad_country, ad_zipcode) values (8, 'C', 'fin@tes.com', '(263)5593243', 'url', 'teach', 'USA', '13222');
insert into YCL_CUSTOMER (customer_id, type, email, phone_number, ad_city, ad_street, ad_country, ad_zipcode) values (9, 'C', 'coco@ama.com', '(263)5593243', 'url', 'teach', 'USA', '13222');
insert into YCL_CUSTOMER (customer_id, type, email, phone_number, ad_city, ad_street, ad_country, ad_zipcode) values (10, 'C', 'yifan@fac.com', '(263)5593243', 'url', 'teach', 'USA', '13222');
insert into YCL_CUSTOMER (customer_id, type, email, phone_number, ad_city, ad_street, ad_country, ad_zipcode) values (11, 'I', 'Charleym@gmail.com', '(163)4875493', 'peach', 'tech', 'USA', '12222');
insert into YCL_CUSTOMER (customer_id, type, email, phone_number, ad_city, ad_street, ad_country, ad_zipcode) values (12, 'I', 'Maisyh@gmail.com', '(241)4938432', 'peas', 'tesd', 'USA', '12234');
insert into YCL_CUSTOMER (customer_id, type, email, phone_number, ad_city, ad_street, ad_country, ad_zipcode) values (13, 'I', 'Josieb@gmail.com', '(128)4324834', 'peew', 'tede', 'USA', '12212');
insert into YCL_CUSTOMER (customer_id, type, email, phone_number, ad_city, ad_street, ad_country, ad_zipcode) values (14, 'I', 'Lanab@gmail.com', '(213)5492239', 'fach', 'tedw', 'USA', '13422');
insert into YCL_CUSTOMER (customer_id, type, email, phone_number, ad_city, ad_street, ad_country, ad_zipcode) values (15, 'I', 'Louisam@gmail.com', '(233)4349323', 'pedfh', 'tsch', 'USA', '12853');
insert into YCL_CUSTOMER (customer_id, type, email, phone_number, ad_city, ad_street, ad_country, ad_zipcode) values (16, 'I', 'Janef@gmail.com', '(122)4398723', 'pdsfch', 'dflh', 'USA', '12322');
insert into YCL_CUSTOMER (customer_id, type, email, phone_number, ad_city, ad_street, ad_country, ad_zipcode) values (17, 'I', 'Leonaa@gmail.com', '(222)3239432', 'preh', 'nfmr', 'USA', '15422');
insert into YCL_CUSTOMER (customer_id, type, email, phone_number, ad_city, ad_street, ad_country, ad_zipcode) values (18, 'I', 'Patriciaw@gmail.com', '(234)2394732', 'gekd', 'tedh', 'USA', '12122');
insert into YCL_CUSTOMER (customer_id, type, email, phone_number, ad_city, ad_street, ad_country, ad_zipcode) values (19, 'I', 'Hanar@gmail.com', '(123)2343234', 'each', 'tvfm', 'USA', '13452');
insert into YCL_CUSTOMER (customer_id, type, email, phone_number, ad_city, ad_street, ad_country, ad_zipcode) values (20, 'I', 'Libbyj@gmail.com', '(543)2343234', 'peafh', 'tecs', 'USA', '12322');
-- CORPORATE 10 RECORDS
insert into YCL_CORPORATE (customer_id, reg_num, detail_of_name) values(1, 1000000001, 'Max');
insert into YCL_CORPORATE (customer_id, reg_num, detail_of_name) values(2, 1000000002, 'Power');
insert into YCL_CORPORATE (customer_id, reg_num, detail_of_name) values(3, 1000000003, 'Mighty');
insert into YCL_CORPORATE (customer_id, reg_num, detail_of_name) values(4, 1000000004, 'Hash');
insert into YCL_CORPORATE (customer_id, reg_num, detail_of_name) values(5, 1000000005, 'Tower');
insert into YCL_CORPORATE (customer_id, reg_num, detail_of_name) values(6, 1000000006, 'Tom');
insert into YCL_CORPORATE (customer_id, reg_num, detail_of_name) values(7, 1000000007, 'App');
insert into YCL_CORPORATE (customer_id, reg_num, detail_of_name) values(8, 1000000008, 'Tes');
insert into YCL_CORPORATE (customer_id, reg_num, detail_of_name) values(9, 1000000009, 'Ama');
insert into YCL_CORPORATE (customer_id, reg_num, detail_of_name) values(10, 1000000010, 'Fac');
--  SQLINES DEMO *** RDS
insert into YCL_INDIVIDUAL (customer_id, fname, lname, driver_license_num) values(11, 'Charley', 'Mccarthy', 1000000001);
insert into YCL_INDIVIDUAL (customer_id, fname, lname, driver_license_num) values(12, 'Maisy', 'Hunt', 1000000002);
insert into YCL_INDIVIDUAL (customer_id, fname, lname, driver_license_num) values(13, 'Josie', 'Burke', 1000000003);
insert into YCL_INDIVIDUAL (customer_id, fname, lname, driver_license_num) values(14, 'Lana', 'Berry', 1000000004);
insert into YCL_INDIVIDUAL (customer_id, fname, lname, driver_license_num) values(15, 'Louisa', 'Mcbride', 1000000005);
insert into YCL_INDIVIDUAL (customer_id, fname, lname, driver_license_num) values(16, 'Jane', 'Fleming', 1000000006);
insert into YCL_INDIVIDUAL (customer_id, fname, lname, driver_license_num) values(17, 'Leona', 'Abbott', 1000000007);
insert into YCL_INDIVIDUAL (customer_id, fname, lname, driver_license_num) values(18, 'Patricia', 'Walton', 1000000008);
insert into YCL_INDIVIDUAL (customer_id, fname, lname, driver_license_num) values(19, 'Hana', 'Rivera', 1000000009);
insert into YCL_INDIVIDUAL (customer_id, fname, lname, driver_license_num) values(20, 'Libby', 'Johnston', 1000000010);
--  SQLINES DEMO ***  records
Insert into YCL_INSURANCE (insurance_policy_no, insurance_company) values (1000000001, 'CT INSUR');
Insert into YCL_INSURANCE (insurance_policy_no, insurance_company) values (1000000002, 'CT INSUR');
Insert into YCL_INSURANCE (insurance_policy_no, insurance_company) values (1000000003, 'CT INSUR');
Insert into YCL_INSURANCE (insurance_policy_no, insurance_company) values (1000000004, 'CT INSUR');
Insert into YCL_INSURANCE (insurance_policy_no, insurance_company) values (1000000005, 'CT INSUR');
Insert into YCL_INSURANCE (insurance_policy_no, insurance_company) values (1000000006, 'CT INSUR');
Insert into YCL_INSURANCE (insurance_policy_no, insurance_company) values (1000000007, 'CT INSUR');
Insert into YCL_INSURANCE (insurance_policy_no, insurance_company) values (1000000008, 'CT INSUR');
Insert into YCL_INSURANCE (insurance_policy_no, insurance_company) values (1000000009, 'CT INSUR');
Insert into YCL_INSURANCE (insurance_policy_no, insurance_company) values (1000000010, 'CT INSUR');
Insert into YCL_INSURANCE (insurance_policy_no, insurance_company) values (1000000011, 'BB INSUR');
Insert into YCL_INSURANCE (insurance_policy_no, insurance_company) values (1000000012, 'BB INSUR');
Insert into YCL_INSURANCE (insurance_policy_no, insurance_company) values (1000000013, 'CC INSUR');
Insert into YCL_INSURANCE (insurance_policy_no, insurance_company) values (1000000014, 'CC INSUR');
Insert into YCL_INSURANCE (insurance_policy_no, insurance_company) values (1000000015, 'CC INSUR');
Insert into YCL_INSURANCE (insurance_policy_no, insurance_company) values (1000000016, 'DD INSUR');
Insert into YCL_INSURANCE (insurance_policy_no, insurance_company) values (1000000017, 'CT INSUR');
Insert into YCL_INSURANCE (insurance_policy_no, insurance_company) values (1000000018, 'CT INSUR');
Insert into YCL_INSURANCE (insurance_policy_no, insurance_company) values (1000000019, 'CT INSUR');
Insert into YCL_INSURANCE (insurance_policy_no, insurance_company) values (1000000020, 'CT INSUR');
-- indi insur 25 record
Insert into YCL_IND_INS (driver_license_num, insurance_policy_no) values (1000000001, 1000000001);
Insert into YCL_IND_INS (driver_license_num, insurance_policy_no) values (1000000001, 1000000002);
Insert into YCL_IND_INS (driver_license_num, insurance_policy_no) values (1000000001, 1000000003);
Insert into YCL_IND_INS (driver_license_num, insurance_policy_no) values (1000000001, 1000000004);
Insert into YCL_IND_INS (driver_license_num, insurance_policy_no) values (1000000002, 1000000020);
Insert into YCL_IND_INS (driver_license_num, insurance_policy_no) values (1000000002, 1000000005);
Insert into YCL_IND_INS (driver_license_num, insurance_policy_no) values (1000000002, 1000000006);
Insert into YCL_IND_INS (driver_license_num, insurance_policy_no) values (1000000003, 1000000007);
Insert into YCL_IND_INS (driver_license_num, insurance_policy_no) values (1000000004, 1000000008);
Insert into YCL_IND_INS (driver_license_num, insurance_policy_no) values (1000000005, 1000000009);
Insert into YCL_IND_INS (driver_license_num, insurance_policy_no) values (1000000006, 1000000010);
Insert into YCL_IND_INS (driver_license_num, insurance_policy_no) values (1000000007, 1000000011);
Insert into YCL_IND_INS (driver_license_num, insurance_policy_no) values (1000000008, 1000000012);
Insert into YCL_IND_INS (driver_license_num, insurance_policy_no) values (1000000009, 1000000013);
Insert into YCL_IND_INS (driver_license_num, insurance_policy_no) values (1000000010, 1000000014);
Insert into YCL_IND_INS (driver_license_num, insurance_policy_no) values (1000000001, 1000000015);
Insert into YCL_IND_INS (driver_license_num, insurance_policy_no) values (1000000002, 1000000016);
Insert into YCL_IND_INS (driver_license_num, insurance_policy_no) values (1000000003, 1000000017);
Insert into YCL_IND_INS (driver_license_num, insurance_policy_no) values (1000000004, 1000000018);
Insert into YCL_IND_INS (driver_license_num, insurance_policy_no) values (1000000005, 1000000019);
Insert into YCL_IND_INS (driver_license_num, insurance_policy_no) values (1000000006, 1000000020);
Insert into YCL_IND_INS (driver_license_num, insurance_policy_no) values (1000000007, 1000000020);
Insert into YCL_IND_INS (driver_license_num, insurance_policy_no) values (1000000008, 1000000020);
Insert into YCL_IND_INS (driver_license_num, insurance_policy_no) values (1000000009, 1000000020);
--  SQLINES DEMO *** cords
insert into YCL_NEIGHBORHOOD (neighborhood_id, neighborhood_firstname, neighborhood_lastname, driver_license_num) values (10001, 'JOHNNY', 'CHENG', 1000000001);
insert into YCL_NEIGHBORHOOD (neighborhood_id, neighborhood_firstname, neighborhood_lastname, driver_license_num) values (10002, 'JENNY', 'CHENG', 1000000001);
insert into YCL_NEIGHBORHOOD (neighborhood_id, neighborhood_firstname, neighborhood_lastname, driver_license_num) values (10003, 'JASPER', 'CHENG', 1000000001);
insert into YCL_NEIGHBORHOOD (neighborhood_id, neighborhood_firstname, neighborhood_lastname, driver_license_num) values (10004, 'ERIC', 'CHENG', 1000000001);
insert into YCL_NEIGHBORHOOD (neighborhood_id, neighborhood_firstname, neighborhood_lastname, driver_license_num) values (10005, 'JOY', 'CHENG', 1000000001);
insert into YCL_NEIGHBORHOOD (neighborhood_id, neighborhood_firstname, neighborhood_lastname, driver_license_num) values (10006, 'MARC', 'ADAM', 1000000001);
insert into YCL_NEIGHBORHOOD (neighborhood_id, neighborhood_firstname, neighborhood_lastname, driver_license_num) values (10007, 'RON', 'ADAM', 1000000001);
insert into YCL_NEIGHBORHOOD (neighborhood_id, neighborhood_firstname, neighborhood_lastname, driver_license_num) values (10008, 'JOHNNY', 'TROUT', 1000000001);
insert into YCL_NEIGHBORHOOD (neighborhood_id, neighborhood_firstname, neighborhood_lastname, driver_license_num) values (10009, 'JOHN', 'TROUT', 1000000001);
insert into YCL_NEIGHBORHOOD (neighborhood_id, neighborhood_firstname, neighborhood_lastname, driver_license_num) values (10010, 'JON', 'TROUT', 1000000001);
insert into YCL_NEIGHBORHOOD (neighborhood_id, neighborhood_firstname, neighborhood_lastname, driver_license_num) values (10011, 'MIKE', 'TROUT', 1000000002);
insert into YCL_NEIGHBORHOOD (neighborhood_id, neighborhood_firstname, neighborhood_lastname, driver_license_num) values (10012, 'KELLY', 'TROUT', 1000000002);
insert into YCL_NEIGHBORHOOD (neighborhood_id, neighborhood_firstname, neighborhood_lastname, driver_license_num) values (10013, 'JOHNNY', 'CHRIS', 1000000002);
insert into YCL_NEIGHBORHOOD (neighborhood_id, neighborhood_firstname, neighborhood_lastname, driver_license_num) values (10014, 'JOY', 'CHRIS', 1000000002);
insert into YCL_NEIGHBORHOOD (neighborhood_id, neighborhood_firstname, neighborhood_lastname, driver_license_num) values (10015, 'CHRIS', 'CHRIS', 1000000002);
insert into YCL_NEIGHBORHOOD (neighborhood_id, neighborhood_firstname, neighborhood_lastname, driver_license_num) values (10016, 'HENRY', 'CHRIS', 1000000003);
insert into YCL_NEIGHBORHOOD (neighborhood_id, neighborhood_firstname, neighborhood_lastname, driver_license_num) values (10017, 'EUGENE', 'LAN', 1000000004);
insert into YCL_NEIGHBORHOOD (neighborhood_id, neighborhood_firstname, neighborhood_lastname, driver_license_num) values (10018, 'ERIC', 'LAN', 1000000005);
insert into YCL_NEIGHBORHOOD (neighborhood_id, neighborhood_firstname, neighborhood_lastname, driver_license_num) values (10019, 'LEO', 'LAN', 1000000006);
insert into YCL_NEIGHBORHOOD (neighborhood_id, neighborhood_firstname, neighborhood_lastname, driver_license_num) values (10020, 'JASSICA', 'LAN', 1000000007);
insert into YCL_NEIGHBORHOOD (neighborhood_id, neighborhood_firstname, neighborhood_lastname, driver_license_num) values (10021, 'YIYI', 'LAN', 1000000008);
insert into YCL_NEIGHBORHOOD (neighborhood_id, neighborhood_firstname, neighborhood_lastname, driver_license_num) values (10022, 'YANG', 'YEH', 1000000009);
insert into YCL_NEIGHBORHOOD (neighborhood_id, neighborhood_firstname, neighborhood_lastname, driver_license_num) values (10023, 'LIYEH', 'YANG', 1000000010);
insert into YCL_NEIGHBORHOOD (neighborhood_id, neighborhood_firstname, neighborhood_lastname, driver_license_num) values (10024, 'JUNO', 'YANG', 1000000010);
insert into YCL_NEIGHBORHOOD (neighborhood_id, neighborhood_firstname, neighborhood_lastname, driver_license_num) values (10025, 'KEN', 'YANG', 1000000010);
-- EMPLOYEE 15 RECORDS
insert into YCL_EMPLOYEE (employee_id, employee_firstname, reg_num, employee_lastname) values (10001, 'Kale', 1000000001, 'Lan');
insert into YCL_EMPLOYEE (employee_id, employee_firstname, reg_num, employee_lastname) values (10002, 'Chason', 1000000002, 'Pan');
insert into YCL_EMPLOYEE (employee_id, employee_firstname, reg_num, employee_lastname) values (10003, 'Jason', 1000000006, 'Lee');
insert into YCL_EMPLOYEE (employee_id, employee_firstname, reg_num, employee_lastname) values (10004, 'Katherine', 1000000001, 'Chang');
insert into YCL_EMPLOYEE (employee_id, employee_firstname, reg_num, employee_lastname) values (10005, 'Leo', 1000000002, 'Mose');
insert into YCL_EMPLOYEE (employee_id, employee_firstname, reg_num, employee_lastname) values (10006, 'Eric', 1000000003, 'Ryder');
insert into YCL_EMPLOYEE (employee_id, employee_firstname, reg_num, employee_lastname) values (10007, 'John', 1000000003, 'Perry');
insert into YCL_EMPLOYEE (employee_id, employee_firstname, reg_num, employee_lastname) values (10008, 'Grace', 1000000007, 'Russell');
insert into YCL_EMPLOYEE (employee_id, employee_firstname, reg_num, employee_lastname) values (10009, 'Myers', 1000000003, 'Santos');
insert into YCL_EMPLOYEE (employee_id, employee_firstname, reg_num, employee_lastname) values (10010, 'Pola', 1000000004, 'Stevens');
insert into YCL_EMPLOYEE (employee_id, employee_firstname, reg_num, employee_lastname) values (10011, 'Jim', 1000000005, 'Mcgee');
insert into YCL_EMPLOYEE (employee_id, employee_firstname, reg_num, employee_lastname) values (10012, 'Kristine', 1000000008, 'Houghton');
insert into YCL_EMPLOYEE (employee_id, employee_firstname, reg_num, employee_lastname) values (10013, 'Michelle', 1000000009, 'Ross');
insert into YCL_EMPLOYEE (employee_id, employee_firstname, reg_num, employee_lastname) values (10014, 'Mulder', 1000000010, 'Figueroa');
insert into YCL_EMPLOYEE (employee_id, employee_firstname, reg_num, employee_lastname) values (10015, 'Mike', 1000000005, 'Ross');
--  SQLINES DEMO *** cords
Insert into YCL_COUPON (start_date, end_date, coupon_id,percentage,driver_license_num,neighborhood_id,reg_num) values ('2022-01-03 00:00:00', '2023-01-04 00:00:00', 10001, 50, 1000000001,10001, null);
Insert into YCL_COUPON (start_date, end_date, coupon_id,percentage,driver_license_num,neighborhood_id,reg_num) values ('2022-01-03 00:00:00', '2022-08-04 00:00:00', 10002, 50, 1000000001,10002, null);
Insert into YCL_COUPON (start_date, end_date, coupon_id,percentage,driver_license_num,neighborhood_id,reg_num) values ('2022-01-03 00:00:00', '2022-01-04 00:00:00', 10003, 50, 1000000001,10003, null);
Insert into YCL_COUPON (start_date, end_date, coupon_id,percentage,driver_license_num,neighborhood_id,reg_num) values ('2022-01-03 00:00:00', '2022-01-04 00:00:00', 10004, 50, 1000000001,10004, null);
Insert into YCL_COUPON (start_date, end_date, coupon_id,percentage,driver_license_num,neighborhood_id,reg_num) values ('2022-01-03 00:00:00', '2022-01-04 00:00:00', 10005, 50, 1000000001,10005, null);
Insert into YCL_COUPON (start_date, end_date, coupon_id,percentage,driver_license_num,neighborhood_id,reg_num) values ('2022-01-03 00:00:00', '2022-01-04 00:00:00', 10006, 10, 1000000002,null, null);
Insert into YCL_COUPON (start_date, end_date, coupon_id,percentage,driver_license_num,neighborhood_id,reg_num) values ('2022-01-03 00:00:00', '2022-01-04 00:00:00', 10007, 20, 1000000003,null, null);
Insert into YCL_COUPON (start_date, end_date, coupon_id,percentage,driver_license_num,neighborhood_id,reg_num) values ('2022-01-03 00:00:00', '2022-01-04 00:00:00', 10008, 30, 1000000004,null, null);
Insert into YCL_COUPON (start_date, end_date, coupon_id,percentage,driver_license_num,neighborhood_id,reg_num) values ('2022-01-03 00:00:00', '2022-01-04 00:00:00', 10009, 40, 1000000005,null, null);
Insert into YCL_COUPON (start_date, end_date, coupon_id,percentage,driver_license_num,neighborhood_id,reg_num) values ('2022-01-03 00:00:00', '2022-01-04 00:00:00', 10010, 60, 1000000006,null, null);
Insert into YCL_COUPON (start_date, end_date, coupon_id,percentage,driver_license_num,neighborhood_id,reg_num) values ('2022-01-03 00:00:00', '2022-01-04 00:00:00', 10011, 70, 1000000007,null, null);
Insert into YCL_COUPON (start_date, end_date, coupon_id,percentage,driver_license_num,neighborhood_id,reg_num) values ('2022-01-03 00:00:00', '2022-01-04 00:00:00', 10012, 80, 1000000008,null, null);
Insert into YCL_COUPON (start_date, end_date, coupon_id,percentage,driver_license_num,neighborhood_id,reg_num) values ('2022-01-03 00:00:00', '2022-01-04 00:00:00', 10013, 90, 1000000009,null, null);
Insert into YCL_COUPON (start_date, end_date, coupon_id,percentage,driver_license_num,neighborhood_id,reg_num) values ('2022-01-03 00:00:00', '2022-01-04 00:00:00', 10014, 50, 1000000010,null, null);
Insert into YCL_COUPON (start_date, end_date, coupon_id,percentage,driver_license_num,neighborhood_id,reg_num) values ('2022-01-03 00:00:00', '2022-01-04 00:00:00', 10015, 50, 1000000010,null, null);
Insert into YCL_COUPON (start_date, end_date, coupon_id,percentage,driver_license_num,neighborhood_id,reg_num) values ('2022-01-03 00:00:00', '2022-01-04 00:00:00', 10016, 50, 1000000010,null, null);
Insert into YCL_COUPON (start_date, end_date, coupon_id,percentage,driver_license_num,neighborhood_id,reg_num) values ('2022-01-03 00:00:00', '2022-07-04 00:00:00', 10017, 50, 1000000010,null, null);
Insert into YCL_COUPON (start_date, end_date, coupon_id,percentage,driver_license_num,neighborhood_id,reg_num) values ('2022-01-03 00:00:00', '2022-07-04 00:00:00', 10018, 50, 1000000010,null, null);
Insert into YCL_COUPON (start_date, end_date, coupon_id,percentage,driver_license_num,neighborhood_id,reg_num) values ('2022-01-03 00:00:00', '2022-07-04 00:00:00', 10019, 50, 1000000009,null, null);
Insert into YCL_COUPON (start_date, end_date, coupon_id,percentage,driver_license_num,neighborhood_id,reg_num) values ('2022-01-03 00:00:00', '2022-07-04 00:00:00', 10020, 50, 1000000009,null, null);
Insert into YCL_COUPON (start_date, end_date, coupon_id,percentage,driver_license_num,neighborhood_id,reg_num) values ('2022-01-03 00:00:00', '2022-07-04 00:00:00', 10021, 50, null,null, 1000000001);
Insert into YCL_COUPON (start_date, end_date, coupon_id,percentage,driver_license_num,neighborhood_id,reg_num) values ('2022-01-03 00:00:00', '2023-06-04 00:00:00', 10022, 50, null,null, 1000000002);
Insert into YCL_COUPON (start_date, end_date, coupon_id,percentage,driver_license_num,neighborhood_id,reg_num) values ('2022-01-03 00:00:00', '2023-06-04 00:00:00', 10023, 50, null,null, 1000000003);
Insert into YCL_COUPON (start_date, end_date, coupon_id,percentage,driver_license_num,neighborhood_id,reg_num) values ('2022-01-03 00:00:00', '2023-06-04 00:00:00', 10024, 50, null,null, 1000000004);
Insert into YCL_COUPON (start_date, end_date, coupon_id,percentage,driver_license_num,neighborhood_id,reg_num) values ('2022-01-03 00:00:00', '2023-06-04 00:00:00', 10025, 50, null,null, 1000000005);
-- SERVICE 25 RECORDS
insert into YCL_SERVICE (pickup_date,dropoff_date,start_odometer,end_odometer,odometer_limit,customer_id,vin,class,service_id,invoice_date,pickloc_id,droploc_id,coupon_id)values ('2022-01-03 00:00:00','2022-01-03 00:00:00',00011.011,10011.222,1000,00001,00001,'SMALL',10001,'2022-01-03 00:00:00',0001,0001,10001) ;
insert into YCL_SERVICE (pickup_date,dropoff_date,start_odometer,end_odometer,odometer_limit,customer_id,vin,class,service_id,invoice_date,pickloc_id,droploc_id,coupon_id)values ('2022-01-03 00:00:00','2022-01-03 00:00:00',00011.011,10011.222,1000,00001,00002,'SMALL',10002,'2022-01-03 00:00:00',0001,0001,10002) ;
insert into YCL_SERVICE (pickup_date,dropoff_date,start_odometer,end_odometer,odometer_limit,customer_id,vin,class,service_id,invoice_date,pickloc_id,droploc_id,coupon_id)values ('2022-01-03 00:00:00','2022-01-04 00:00:00',00011.011,10011.222,1000,00001,00003,'SMALL',10003,'2022-01-04 00:00:00',0001,0001,10003) ;
insert into YCL_SERVICE (pickup_date,dropoff_date,start_odometer,end_odometer,odometer_limit,customer_id,vin,class,service_id,invoice_date,pickloc_id,droploc_id,coupon_id)values ('2022-01-03 00:00:00','2022-01-04 00:00:00',00011.011,10011.222,1500,00001,00004,'SMALL',10004,'2022-01-04 00:00:00',0001,0002,10004) ;
insert into YCL_SERVICE (pickup_date,dropoff_date,start_odometer,end_odometer,odometer_limit,customer_id,vin,class,service_id,invoice_date,pickloc_id,droploc_id,coupon_id)values ('2022-01-03 00:00:00','2022-01-04 00:00:00',00011.011,10211.222,1500,00001,00001,'SMALL',10005,'2022-01-04 00:00:00',0001,0002,10005) ;
insert into YCL_SERVICE (pickup_date,dropoff_date,start_odometer,end_odometer,odometer_limit,customer_id,vin,class,service_id,invoice_date,pickloc_id,droploc_id,coupon_id)values ('2022-01-03 00:00:00','2022-01-04 00:00:00',00011.011,10211.222,1500,00001,00001,'SMALL',10006,'2022-06-05 00:00:00',0001,0002,10006) ;
insert into YCL_SERVICE (pickup_date,dropoff_date,start_odometer,end_odometer,odometer_limit,customer_id,vin,class,service_id,invoice_date,pickloc_id,droploc_id,coupon_id)values ('2022-01-03 00:00:00','2022-01-04 00:00:00',00011.011,10211.222,1500,00001,00001,'SMALL',10007,'2022-06-05 00:00:00',0002,0002,10007) ;
insert into YCL_SERVICE (pickup_date,dropoff_date,start_odometer,end_odometer,odometer_limit,customer_id,vin,class,service_id,invoice_date,pickloc_id,droploc_id,coupon_id)values ('2022-01-03 00:00:00','2022-01-04 00:00:00',00011.011,10211.222,1500,00002,00001,'SMALL',10008,'2022-06-05 00:00:00',0002,0003,10008) ;
insert into YCL_SERVICE (pickup_date,dropoff_date,start_odometer,end_odometer,odometer_limit,customer_id,vin,class,service_id,invoice_date,pickloc_id,droploc_id,coupon_id)values ('2022-01-03 00:00:00','2022-06-05 00:00:00',00011.011,10211.222,1500,00002,00001,'SMALL',10009,'2022-06-05 00:00:00',0010,0010,10009) ;
insert into YCL_SERVICE (pickup_date,dropoff_date,start_odometer,end_odometer,odometer_limit,customer_id,vin,class,service_id,invoice_date,pickloc_id,droploc_id,coupon_id)values ('2022-01-03 00:00:00','2022-06-05 00:00:00',00011.011,10211.222,1500,00002,00001,'SMALL',10010,'2022-06-05 00:00:00',0011,0011,10010) ;
insert into YCL_SERVICE (pickup_date,dropoff_date,start_odometer,end_odometer,odometer_limit,customer_id,vin,class,service_id,invoice_date,pickloc_id,droploc_id,coupon_id)values ('2022-01-03 00:00:00','2022-06-05 00:00:00',00011.011,10211.222,1500,00002,00001,'SMALL',10011,'2022-06-05 00:00:00',0011,0011,10011) ;
insert into YCL_SERVICE (pickup_date,dropoff_date,start_odometer,end_odometer,odometer_limit,customer_id,vin,class,service_id,invoice_date,pickloc_id,droploc_id,coupon_id)values ('2022-01-03 00:00:00','2022-06-05 00:00:00',00011.011,10211.222,1600,00002,00001,'SMALL',10012,'2022-06-05 00:00:00',0011,0012,10012) ;
insert into YCL_SERVICE (pickup_date,dropoff_date,start_odometer,end_odometer,odometer_limit,customer_id,vin,class,service_id,invoice_date,pickloc_id,droploc_id,coupon_id)values ('2022-01-03 00:00:00','2022-06-05 00:00:00',00011.011,10211.222,1600,00002,00001,'SMALL',10013,'2022-06-05 00:00:00',0012,0012,10013) ;
insert into YCL_SERVICE (pickup_date,dropoff_date,start_odometer,end_odometer,odometer_limit,customer_id,vin,class,service_id,invoice_date,pickloc_id,droploc_id,coupon_id)values ('2022-01-03 00:00:00','2022-06-05 00:00:00',00011.011,10311.222,1600,00002,00005,'MID-SIZE',10014,'2022-06-05 00:00:00',0012,0012,null) ;
insert into YCL_SERVICE (pickup_date,dropoff_date,start_odometer,end_odometer,odometer_limit,customer_id,vin,class,service_id,invoice_date,pickloc_id,droploc_id,coupon_id)values ('2022-01-03 00:00:00','2022-06-05 00:00:00',00011.011,10311.222,1600,00003,00006,'MID-SIZE',10015,'2022-06-05 00:00:00',0012,0012,null) ;
insert into YCL_SERVICE (pickup_date,dropoff_date,start_odometer,end_odometer,odometer_limit,customer_id,vin,class,service_id,invoice_date,pickloc_id,droploc_id,coupon_id)values ('2022-06-06 00:00:00','2022-06-06 00:00:00',00011.011,10311.222,1600,00003,00007,'MID-SIZE',10016,'2022-06-06 00:00:00',0012,0012,null) ;
insert into YCL_SERVICE (pickup_date,dropoff_date,start_odometer,end_odometer,odometer_limit,customer_id,vin,class,service_id,invoice_date,pickloc_id,droploc_id,coupon_id)values ('2022-06-06 00:00:00','2022-06-06 00:00:00',00011.011,10311.222,1600,00004,00008,'LUXURY',10017,'2022-06-06 00:00:00',0012,0012,null) ;
insert into YCL_SERVICE (pickup_date,dropoff_date,start_odometer,end_odometer,odometer_limit,customer_id,vin,class,service_id,invoice_date,pickloc_id,droploc_id,coupon_id)values ('2022-06-06 00:00:00','2022-06-06 00:00:00',00011.011,10311.222,1600,00005,00009,'LUXURY',10018,'2022-06-07 00:00:00',0012,0012,null);
insert into YCL_SERVICE (pickup_date,dropoff_date,start_odometer,end_odometer,odometer_limit,customer_id,vin,class,service_id,invoice_date,pickloc_id,droploc_id,coupon_id)values ('2022-06-06 00:00:00','2022-06-06 00:00:00',00011.011,10311.222,1600,00006,00010,'LUXURY',10019,'2022-06-07 00:00:00',0012,0012,null);
insert into YCL_SERVICE (pickup_date,dropoff_date,start_odometer,end_odometer,odometer_limit,customer_id,vin,class,service_id,invoice_date,pickloc_id,droploc_id,coupon_id)values ('2022-06-06 00:00:00','2022-06-06 00:00:00',00011.011,10311.222,1600,00007,00011,'SUV',10020,'2022-06-07 00:00:00',0012,0012,null);
insert into YCL_SERVICE (pickup_date,dropoff_date,start_odometer,end_odometer,odometer_limit,customer_id,vin,class,service_id,invoice_date,pickloc_id,droploc_id,coupon_id)values ('2022-06-06 00:00:00','2022-06-06 00:00:00',00011.011,10511.222,1800,00008,00012,'SUV',10021,'2022-06-07 00:00:00',0012,0012,null);
insert into YCL_SERVICE (pickup_date,dropoff_date,start_odometer,end_odometer,odometer_limit,customer_id,vin,class,service_id,invoice_date,pickloc_id,droploc_id,coupon_id)values ('2022-06-06 00:00:00','2022-06-06 00:00:00',00011.011,10511.222,1800,00009,00013,'SUV',10022,'2022-06-07 00:00:00',0012,0012,null);
insert into YCL_SERVICE (pickup_date,dropoff_date,start_odometer,end_odometer,odometer_limit,customer_id,vin,class,service_id,invoice_date,pickloc_id,droploc_id,coupon_id)values ('2022-06-06 00:00:00','2022-06-06 00:00:00',00011.011,10511.222,1800,00010,00014,'SUV',10023,'2022-06-07 00:00:00',0012,0012,null);
insert into YCL_SERVICE (pickup_date,dropoff_date,start_odometer,end_odometer,odometer_limit,customer_id,vin,class,service_id,invoice_date,pickloc_id,droploc_id,coupon_id)values ('2022-06-06 00:00:00','2022-06-06 00:00:00',00011.011,10511.222,1800,00011,00015,'PRE SUV',10024,'2022-06-07 00:00:00',0012,0012,null);
insert into YCL_SERVICE (pickup_date,dropoff_date,start_odometer,end_odometer,odometer_limit,customer_id,vin,class,service_id,invoice_date,pickloc_id,droploc_id,coupon_id)values ('2022-06-06 00:00:00','2022-06-06 00:00:00',20011.011,10511.222,1800,00012,00016,'LUXURY',10025,'2022-06-07 00:00:00',0012,0012,null);
--  SQLINES DEMO *** RDS(overlapped subtypes)
insert into YCL_PAYMENT (payment_type, service_id) values ('C', 10001);
insert into YCL_PAYMENT (payment_type, service_id) values ('C', 10002);
insert into YCL_PAYMENT (payment_type, service_id) values ('C', 10003);
insert into YCL_PAYMENT (payment_type, service_id) values ('C', 10004);
insert into YCL_PAYMENT (payment_type, service_id) values ('C', 10005);
insert into YCL_PAYMENT (payment_type, service_id) values ('C', 10006);
insert into YCL_PAYMENT (payment_type, service_id) values ('C', 10007);
insert into YCL_PAYMENT (payment_type, service_id) values ('C', 10008);
insert into YCL_PAYMENT (payment_type, service_id) values ('C', 10009);
insert into YCL_PAYMENT (payment_type, service_id) values ('C', 10010);
insert into YCL_PAYMENT (payment_type, service_id) values ('C', 10011);
insert into YCL_PAYMENT (payment_type, service_id) values ('C', 10012);
insert into YCL_PAYMENT (payment_type, service_id) values ('C', 10013);
insert into YCL_PAYMENT (payment_type, service_id) values ('C', 10014);
insert into YCL_PAYMENT (payment_type, service_id) values ('C', 10015);
insert into YCL_PAYMENT (payment_type, service_id) values ('D', 10005);
insert into YCL_PAYMENT (payment_type, service_id) values ('D', 10006);
insert into YCL_PAYMENT (payment_type, service_id) values ('D', 10007);
insert into YCL_PAYMENT (payment_type, service_id) values ('D', 10008);
insert into YCL_PAYMENT (payment_type, service_id) values ('D', 10009);
insert into YCL_PAYMENT (payment_type, service_id) values ('D', 10010);
insert into YCL_PAYMENT (payment_type, service_id) values ('D', 10011);
insert into YCL_PAYMENT (payment_type, service_id) values ('D', 10012);
insert into YCL_PAYMENT (payment_type, service_id) values ('D', 10013);
insert into YCL_PAYMENT (payment_type, service_id) values ('D', 10014);
insert into YCL_PAYMENT(payment_type, service_id) values ('G', 10015);
insert into YCL_PAYMENT(payment_type, service_id) values ('G', 10016);
insert into YCL_PAYMENT(payment_type, service_id) values ('G', 10017);
insert into YCL_PAYMENT(payment_type, service_id) values ('G', 10018);
insert into YCL_PAYMENT(payment_type, service_id) values('G', 10019);
insert into YCL_PAYMENT(payment_type, service_id) values ('G', 10020);
insert into YCL_PAYMENT(payment_type, service_id) values ('G', 10021);
insert into YCL_PAYMENT(payment_type, service_id) values ('G', 10022);
insert into YCL_PAYMENT(payment_type, service_id) values ('G', 10023);
insert into YCL_PAYMENT(payment_type, service_id) values ('G', 10024);
insert into YCL_PAYMENT(payment_type, service_id) values ('G', 10025);
insert into YCL_PAYMENT(payment_type, service_id) values ('G', 10001);
insert into YCL_PAYMENT(payment_type, service_id) values ('G', 10002);
insert into YCL_PAYMENT(payment_type, service_id) values ('G', 10003);
insert into YCL_PAYMENT(payment_type, service_id) values ('G', 10004);
insert into YCL_PAYMENT(payment_type, service_id) values ('G', 10005);
insert into YCL_PAYMENT(payment_type, service_id) values ('G', 10006);
insert into YCL_PAYMENT(payment_type, service_id) values ('G', 10007);
insert into YCL_PAYMENT(payment_type, service_id) values ('G', 10008);
insert into YCL_PAYMENT(payment_type, service_id) values ('G', 10009);
--  SQLINES DEMO *** RDS
insert into YCL_CREDITCARD (payment_type, service_id, creditcard_no) values ('C', 10001, 1230890122834938);
insert into YCL_CREDITCARD (payment_type, service_id, creditcard_no) values ('C', 10002, 1230890122334938);
insert into YCL_CREDITCARD (payment_type, service_id, creditcard_no) values ('C', 10003, 1243890122834938);
insert into YCL_CREDITCARD (payment_type, service_id, creditcard_no) values ('C', 10004, 1230894857834938);
insert into YCL_CREDITCARD (payment_type, service_id, creditcard_no) values ('C', 10005, 1230890122392848);
insert into YCL_CREDITCARD (payment_type, service_id, creditcard_no) values ('C', 10006, 1230890492834478);
insert into YCL_CREDITCARD (payment_type, service_id, creditcard_no) values ('C', 10007, 1230890150383748);
insert into YCL_CREDITCARD (payment_type, service_id, creditcard_no) values ('C', 10008, 3494573493928336);
insert into YCL_CREDITCARD (payment_type, service_id, creditcard_no) values ('C', 10009, 4493733938447395);
insert into YCL_CREDITCARD (payment_type, service_id, creditcard_no) values ('C', 10010, 4303446382923744);
insert into YCL_CREDITCARD (payment_type, service_id, creditcard_no) values ('C', 10011, 1230890122543373);
insert into YCL_CREDITCARD (payment_type, service_id, creditcard_no) values ('C', 10012, 1234433372636432);
insert into YCL_CREDITCARD (payment_type, service_id, creditcard_no) values ('C', 10013, 1443823463838323);
insert into YCL_CREDITCARD (payment_type, service_id, creditcard_no) values ('C', 10014, 1230890354032747);
insert into YCL_CREDITCARD (payment_type, service_id, creditcard_no) values ('C', 10015, 1230853372334838);
-- DEBITCARD 10 RECORDS
insert into YCL_DEBITCARD (payment_type, service_id, debitcard_no) values ('D', 10005, 1230853034932003);
insert into YCL_DEBITCARD (payment_type, service_id, debitcard_no) values ('D', 10006, 1230890239942843);
insert into YCL_DEBITCARD (payment_type, service_id, debitcard_no) values ('D', 10007, 1230890235493282);
insert into YCL_DEBITCARD (payment_type, service_id, debitcard_no) values ('D', 10008, 1230895493939281);
insert into YCL_DEBITCARD (payment_type, service_id, debitcard_no) values ('D', 10009, 1230895493998432);
insert into YCL_DEBITCARD (payment_type, service_id, debitcard_no) values ('D', 10010, 1230890253049022);
insert into YCL_DEBITCARD (payment_type, service_id, debitcard_no) values ('D', 10011, 1230895230903234);
insert into YCL_DEBITCARD (payment_type, service_id, debitcard_no) values ('D', 10012, 1230890239423335);
insert into YCL_DEBITCARD (payment_type, service_id, debitcard_no) values ('D', 10013, 1230890239923284);
insert into YCL_DEBITCARD (payment_type, service_id, debitcard_no) values ('D', 10014, 1230890233294284);
-- GIFTCARD 20 RECORDS
insert into YCL_GIFTCARD (payment_type, service_id, giftcard_no) values ('G', 10015, 1234567892);
insert into YCL_GIFTCARD (payment_type, service_id, giftcard_no) values ('G', 10016, 1234499323);
insert into YCL_GIFTCARD (payment_type, service_id, giftcard_no) values ('G', 10017, 1224567894);
insert into YCL_GIFTCARD (payment_type, service_id, giftcard_no) values ('G', 10018, 1223397849);
insert into YCL_GIFTCARD (payment_type, service_id, giftcard_no) values ('G', 10019, 1234523928);
insert into YCL_GIFTCARD (payment_type, service_id, giftcard_no) values ('G', 10020, 1234234299);
insert into YCL_GIFTCARD (payment_type, service_id, giftcard_no) values ('G', 10021, 1234544299);
insert into YCL_GIFTCARD (payment_type, service_id, giftcard_no) values ('G', 10022, 1235399132);
insert into YCL_GIFTCARD (payment_type, service_id, giftcard_no) values ('G', 10023, 1234593123);
insert into YCL_GIFTCARD (payment_type, service_id, giftcard_no) values ('G', 10024, 1234553102);
insert into YCL_GIFTCARD (payment_type, service_id, giftcard_no) values ('G', 10025, 1234539222);
insert into YCL_GIFTCARD (payment_type, service_id, giftcard_no) values ('G', 10001, 1234239349);
insert into YCL_GIFTCARD (payment_type, service_id, giftcard_no) values ('G', 10002, 1232300343);
insert into YCL_GIFTCARD (payment_type, service_id, giftcard_no) values ('G', 10003, 1235003399);
insert into YCL_GIFTCARD (payment_type, service_id, giftcard_no) values ('G', 10004, 1234399243);
insert into YCL_GIFTCARD (payment_type, service_id, giftcard_no) values ('G', 10005, 1234032292);
insert into YCL_GIFTCARD (payment_type, service_id, giftcard_no) values ('G', 10006, 1235403293);
insert into YCL_GIFTCARD (payment_type, service_id, giftcard_no) values ('G', 10007, 1233030289);
insert into YCL_GIFTCARD (payment_type, service_id, giftcard_no) values ('G', 10008, 1234903292);
insert into YCL_GIFTCARD (payment_type, service_id, giftcard_no) values ('G', 10009, 1233922883);
